{"description":"Extension to add task support for npm scripts.","displayName":"NPM support for VS Code","config.npm.autoDetect":"Controls whether npm scripts should be automatically detected.","config.npm.runSilent":"Run npm commands with the `--silent` option.","config.npm.packageManager":"The package manager used to run scripts.","config.npm.exclude":"Configure glob patterns for folders that should be excluded from automatic script detection.","config.npm.enableScriptExplorer":"Enable an explorer view for npm scripts when there is no top-level 'package.json' file.","config.npm.scriptExplorerAction":"The default click action used in the npm scripts explorer: `open` or `run`, the default is `open`.","config.npm.enableRunFromFolder":"Enable running npm scripts contained in a folder from the Explorer context menu.","config.npm.fetchOnlinePackageInfo":"Fetch data from https://registry.npmjs.org and https://registry.bower.io to provide auto-completion and information on hover features on npm dependencies.","npm.parseError":"Npm task detection: failed to parse the file {0}","taskdef.script":"The npm script to customize.","taskdef.path":"The path to the folder of the package.json file that provides the script. Can be omitted.","view.name":"NPM Scripts","command.refresh":"Refresh","command.run":"Run","command.debug":"Debug","command.openScript":"Open","command.runInstall":"Run Install","command.runSelectedScript":"Run Script","command.runScriptFromFolder":"Run NPM Script in Folder...","command.packageManager":"Get Configured Package Manager"}